<!DOCTYPE hibernate-configuration PUBLIC
    "-//Hibernate/Hibernate Configuration DTD 3.0//EN"
    "http://www.hibernate.org/dtd/hibernate-configuration-3.0.dtd">

<hibernate-configuration>
    <session-factory>

        <!-- JDBC connection properties -->
        <property name="connection.driver_class">com.mysql.cj.jdbc.Driver</property>
        <property name="connection.url">jdbc:mysql://localhost:3306/data</property>
        <property name="connection.username">root</property> <!-- Replace with your DB username -->
        <property name="connection.password">root</property> <!-- Replace with your DB password -->

        <!-- Hibernate properties -->
        <property name="hbm2ddl.auto">update</property> <!-- Options: validate, update, create, create-drop -->
        <property name="show_sql">true</property> <!-- Enable SQL query logging -->

        <!-- Entity mappings -->
        <mapping class="in.sp.main.user"/>

    </session-factory>
</hibernate-configuration>
